<?xml version="1.0" encoding="UTF-8"?>
<!DOCTYPE mapper PUBLIC "-//mybatis.org//DTD Mapper 3.0//EN" 
"http://mybatis.org/dtd/mybatis-3-mapper.dtd">

<mapper namespace="com.ja.freeboard.mapper.BoardSQLMapper">
	
	<select id="createKey" resultType="int">
		SELECT FB_Board_seq.nextval FROM DUAL	
	</select>
	
	
	<!-- id : 메소드 명 -->
	<insert id="insert">
	<![CDATA[
		INSERT INTO FB_Board VALUES(
		#{board_no},
		#{member_no},
		#{board_title},
		#{board_content},
		0,
		SYSDATE
		)
	]]>
	</insert>	

	<select id="selectByNo" resultType="com.ja.freeboard.vo.BoardVo">
	<![CDATA[
		SELECT * FROM FB_Board WHERE board_no = #{no}
	]]>	
	</select>

	<select id="selectAll" resultType="com.ja.freeboard.vo.BoardVo">
	<![CDATA[
		SELECT * 
		FROM (
		    SELECT ROWNUM rnum,t1.* 
		    FROM (
		        SELECT * 
		        FROM FB_Board 
		        ORDER BY board_no DESC) t1 
		    ) t2
		WHERE t2.rnum >= (#{currPage}-1)*10+1 AND t2.rnum <= #{currPage}*10
	]]>	
	</select>

	<select id="selectByTitle" resultType="com.ja.freeboard.vo.BoardVo">
	<![CDATA[
		SELECT * 
		FROM (
		    SELECT ROWNUM rnum,t1.* 
		    FROM (
		        SELECT * 
		        FROM FB_Board 
		        WHERE board_title LIKE '%'||#{title}||'%'
		        ORDER BY board_no DESC) t1 
		    ) t2
		WHERE t2.rnum >= (#{currPage}-1)*10+1 AND t2.rnum <= #{currPage}*10
	]]>	
	</select>
	
	<select id="selectAllCount" resultType="int">
	<![CDATA[
		SELECT COUNT(*) FROM fb_board
	]]>		
	</select>

	<select id="selectByTitleCount" resultType="int">
	<![CDATA[
		SELECT COUNT(*) FROM fb_board
		WHERE board_title LIKE '%'||#{title}||'%'
	]]>		
	</select>
	





	<delete id="deleteByNo">
	<![CDATA[
		DELETE FROM FB_Board WHERE board_no = #{no}
	]]>	
	</delete>

	<update id="update">
	<![CDATA[
		UPDATE FB_Board 
		SET 
			board_title = #{board_title} ,
			board_content = #{board_content}
		WHERE
			board_no = #{board_no} 
		
	]]>
	</update>

	<update id="updateReadCount">
		UPDATE FB_board 
		SET board_readcount = board_readcount+1
		WHERE board_no = #{no} 
	</update>


</mapper>






